797732,1,"Armageddon Knight (V.3 - Secret Rare)","Quarter Century Bonanza",1,NM,English
797651,1,"Armageddon Knight (V.2 - Ultra Rare)","Quarter Century Bonanza",1,NM,English
797657,1,"Redox, Dragon Ruler of Boulders (V.2 - Ultra Rare)","Quarter Century Bonanza",1,NM,English
797577,1,"Tidal, Dragon Ruler of Waterfalls (V.1 - Super Rare)","Quarter Century Bonanza",1,NM,English
797660,1,"Tempest, Dragon Ruler of Storms (V.2 - Ultra Rare)","Quarter Century Bonanza",1,NM,English
797663,1,"Ghost Reaper & Winter Cherries (V.2 - Ultra Rare)","Quarter Century Bonanza",1,NM,English
797664,1,"Punishment Dragon (V.2 - Ultra Rare)","Quarter Century Bonanza",1,NM,English
797747,1,"Secret Six Samurai - Kizaru (V.3 - Secret Rare)","Quarter Century Bonanza",1,NM,English
797666,1,"Secret Six Samurai - Kizaru (V.2 - Ultra Rare)","Quarter Century Bonanza",1,NM,English
797667,1,"Thunder Dragondark (V.2 - Ultra Rare)","Quarter Century Bonanza",1,NM,English
797752,1,"Laundry Dragonmaid (V.3 - Secret Rare)","Quarter Century Bonanza",1,NM,English
797672,1,"Dragonmaid Lorpar (V.2 - Ultra Rare)","Quarter Century Bonanza",1,NM,English
797593,1,"Nemeses Flag (V.1 - Super Rare)","Quarter Century Bonanza",1,NM,English
797674,1,"Nemeses Flag (V.2 - Ultra Rare)","Quarter Century Bonanza",1,NM,English
797677,1,"Dark Beckoning Beast (V.2 - Ultra Rare)","Quarter Century Bonanza",1,NM,English
797758,1,"Dark Beckoning Beast (V.3 - Secret Rare)","Quarter Century Bonanza",1,NM,English
797761,1,"Abyss Shark (V.3 - Secret Rare)","Quarter Century Bonanza",1,NM,English
797767,1,"Thunder Dragon Colossus (V.3 - Secret Rare)","Quarter Century Bonanza",1,NM,English
797770,1,"Mecha Phantom Beast Dracossack (V.3 - Secret Rare)","Quarter Century Bonanza",1,NM,English
797691,1,"Superdreadnought Rail Cannon Juggernaut Liebe (V.2 - Ultra Rare)","Quarter Century Bonanza",1,NM,English
797692,1,"Knightmare Phoenix (V.2 - Ultra Rare)","Quarter Century Bonanza",1,NM,English
797693,1,"Sky Striker Ace - Shizuku (V.2 - Ultra Rare)","Quarter Century Bonanza",1,NM,English
797696,1,"Ancient Gear Ballista (V.2 - Ultra Rare)","Quarter Century Bonanza",1,NM,English
797621,1,"Polymerization (V.2 - Super Rare)","Quarter Century Bonanza",1,NM,English
797704,1,"Super Polymerization (V.2 - Ultra Rare)","Quarter Century Bonanza",1,NM,English
797706,2,"Allure of Darkness (V.2 - Ultra Rare)","Quarter Century Bonanza",1,NM,English
797711,1,"Fire King Island (V.2 - Ultra Rare)","Quarter Century Bonanza",1,NM,English
797630,1,"Fire King Island (V.1 - Super Rare)","Quarter Century Bonanza",1,NM,English
797796,1,"That Grass Looks Greener (V.3 - Secret Rare)","Quarter Century Bonanza",1,NM,English
797635,1,"Ostinato (V.1 - Super Rare)","Quarter Century Bonanza",1,NM,English
797636,1,"Set Rotation (V.1 - Super Rare)","Quarter Century Bonanza",1,NM,English
797718,1,"Salamangreat Circle (V.2 - Ultra Rare)","Quarter Century Bonanza",1,NM,English
797637,1,"Salamangreat Circle (V.1 - Super Rare)","Quarter Century Bonanza",1,NM,English
797722,1,"Branded Opening (V.2 - Ultra Rare)","Quarter Century Bonanza",1,NM,English
797728,1,"Cursed Seal of the Forbidden Spell (V.2 - Ultra Rare)","Quarter Century Bonanza",1,NM,English
797648,1,"Grave of the Super Ancient Organism (V.1 - Super Rare)","Quarter Century Bonanza",1,NM,English
797810,1,"Grave of the Super Ancient Organism (V.3 - Secret Rare)","Quarter Century Bonanza",1,NM,English
797729,1,"Grave of the Super Ancient Organism (V.2 - Ultra Rare)","Quarter Century Bonanza",1,NM,English
